,Start Time,End Time,Duration (seconds),Label,Confidence (Mean Method),Confidence (Median Method)
0,2014-05-08 19:17:59,2014-05-08 19:18:12,13.0,Magnetosheath,0.3073553647815831,0.3170902005358448
1,2014-05-08 19:18:12,2014-05-08 19:18:52,40.0,Magnetosphere,0.6890849242793784,0.7471698113207548
2,2014-05-08 19:18:52,2014-05-08 19:19:05,13.0,Magnetosheath,0.41650616762742787,0.46615123389328117
3,2014-05-08 19:19:05,2014-05-08 19:21:08,123.0,Magnetosphere,0.6332442018546781,0.7159331218609569
4,2014-05-08 19:21:08,2014-05-08 19:21:11,3.0,Magnetosheath,0.07936370576236773,0.06279432920606443
5,2014-05-08 19:21:11,2014-05-08 19:22:56,105.0,Magnetosphere,0.5109416644356801,0.5196352110570879
6,2014-05-08 19:22:56,2014-05-08 19:23:05,9.0,Magnetosheath,0.3028210689038052,0.3405224508847824
7,2014-05-08 19:23:05,2014-05-08 19:23:11,6.0,Magnetosphere,0.07847253143515764,0.06796116504854377
8,2013-10-27 00:17:27,2013-10-27 00:17:33,6.0,Magnetosphere,0.27234369337576625,0.2889273356401384
9,2013-10-27 00:17:33,2013-10-27 00:17:42,9.0,Magnetosheath,0.22858811148043157,0.24256332052748375
10,2013-10-27 00:17:42,2013-10-27 00:17:49,7.0,Magnetosphere,0.2296210787989359,0.23708649707999718
11,2013-10-27 00:17:49,2013-10-27 00:18:03,14.0,Magnetosheath,0.23241257266152338,0.2513368983957218
12,2013-10-27 00:18:03,2013-10-27 00:18:04,1.0,Magnetosheath,0.11860590172749896,0.11860590172749896
13,2013-10-27 00:18:04,2013-10-27 00:18:11,7.0,Magnetosheath,0.19092056830501514,0.19867806489748085
14,2013-10-27 00:18:11,2013-10-27 00:18:54,43.0,Magnetosphere,0.4646528268052482,0.5251700426450931
15,2013-10-27 00:18:54,2013-10-27 00:18:57,3.0,Magnetosheath,0.14812787463163402,0.1134326200115674
16,2013-10-27 00:18:57,2013-10-27 00:19:00,3.0,Magnetosphere,0.06177638651866102,0.056994227976912004
17,2013-10-27 00:19:00,2013-10-27 00:19:03,3.0,Magnetosheath,0.051919804537523095,0.037126978076700956
18,2013-10-27 00:19:03,2013-10-27 00:19:14,11.0,Magnetosphere,0.4694212145940665,0.5191150037208769
19,2013-10-27 00:19:14,2013-10-27 00:19:24,10.0,Magnetosheath,0.32017892360945754,0.3933333333333332
20,2013-10-27 00:19:24,2013-10-27 00:29:42,618.0,Magnetosphere,0.8622938254841717,0.9035087719298246
21,2013-05-03 16:47:00,2013-05-03 16:47:01,1.0,Magnetosphere,0.22598362605310263,0.22598362605310263
22,2013-05-03 16:47:01,2013-05-03 16:47:02,1.0,Magnetosheath,0.0699979042543637,0.0699979042543637
23,2013-05-03 16:47:02,2013-05-03 16:47:16,14.0,Magnetosheath,0.30738174986674605,0.3410981697171379
24,2013-05-03 16:47:16,2013-05-03 16:47:32,16.0,Magnetosphere,0.5189039997006124,0.635743519781719
25,2013-05-03 16:47:32,2013-05-03 16:47:33,1.0,Magnetosphere,0.39050139350740554,0.39050139350740554
26,2013-05-03 16:47:33,2013-05-03 16:47:34,1.0,Magnetosheath,0.03886608167791872,0.03886608167791872
27,2013-05-03 16:47:34,2013-05-03 16:57:35,601.0,Magnetosheath,0.9417474694103124,0.9550209205020921
28,2013-05-03 16:57:35,2013-05-03 16:57:46,11.0,Solar Wind,0.38611473259661466,0.49017668279926885
29,2013-05-03 16:57:46,2013-05-03 16:57:48,2.0,Magnetosheath,0.06587940664574754,0.05859374999999989
30,2013-05-03 16:57:48,2013-05-03 16:57:49,1.0,Magnetosheath,0.036268986553784854,0.036268986553784854
31,2013-05-03 16:57:49,2013-05-03 16:57:52,3.0,Magnetosheath,0.06487788393162819,0.043154026679841806
32,2013-05-03 16:57:52,2013-05-03 17:07:34,582.0,Solar Wind,0.7821939158801583,0.7978339350180506
33,2014-09-02 10:08:47,2014-09-02 10:08:56,9.0,Magnetosheath,0.2678931974510891,0.28692448364888135
34,2014-09-02 10:08:56,2014-09-02 10:11:45,169.0,Solar Wind,0.8132972009846166,0.8490999487994826
35,2014-09-02 10:11:45,2014-09-02 10:11:47,2.0,Magnetosheath,0.09541115760809848,0.0788461538461539
36,2014-09-02 10:11:47,2014-09-02 10:11:51,4.0,Solar Wind,0.26575741605605097,0.2595818815331008
37,2014-09-02 10:11:51,2014-09-02 10:11:56,5.0,Magnetosheath,0.29853647510303505,0.3352135012582773
38,2014-09-02 10:11:56,2014-09-02 10:12:01,5.0,Solar Wind,0.17116912280056484,0.1705249776678346
39,2014-09-02 10:12:01,2014-09-02 10:12:03,2.0,Magnetosheath,0.06740089503254831,0.0200803212851407
40,2014-09-02 10:12:03,2014-09-02 10:12:29,26.0,Solar Wind,0.4857004846284402,0.5381097560975608
41,2014-09-02 10:12:29,2014-09-02 10:12:34,5.0,Magnetosheath,0.2605215939580091,0.3167121309370988
42,2014-09-02 10:12:34,2014-09-02 10:12:36,2.0,Solar Wind,0.06114295371154055,0.05458089668616006
43,2014-09-02 10:12:36,2014-09-02 10:12:46,10.0,Magnetosheath,0.13911120244104724,0.11886792452830175
44,2014-09-02 10:12:46,2014-09-02 10:12:48,2.0,Solar Wind,0.10813640969878702,0.08301158301158307
45,2014-09-02 10:12:48,2014-09-02 10:12:50,2.0,Magnetosheath,0.1112533974433415,0.12264150943396213
46,2014-09-02 10:12:50,2014-09-02 10:12:51,1.0,Magnetosheath,0.09250652435269613,0.09250652435269613
47,2014-09-02 10:12:51,2014-09-02 10:12:52,1.0,Solar Wind,0.10305926507811791,0.10305926507811791
48,2014-09-02 10:12:52,2014-09-02 10:13:01,9.0,Solar Wind,0.2750019721351801,0.3043757481498308
49,2014-09-02 10:13:01,2014-09-02 10:13:02,1.0,Solar Wind,0.09272230289570338,0.09272230289570338
50,2014-09-02 10:13:02,2014-09-02 10:13:04,2.0,Solar Wind,0.07793561560244033,0.08301158301158307
51,2014-09-02 10:13:04,2014-09-02 10:13:12,8.0,Magnetosheath,0.3683233171345299,0.48702290076335886
52,2014-09-02 10:13:12,2014-09-02 10:17:17,245.0,Solar Wind,0.8119482988525732,0.8224184691809049
53,2014-09-02 10:17:17,2014-09-02 10:17:28,11.0,Magnetosheath,0.590070341595536,0.6348600727073188
54,2014-09-02 10:17:28,2014-09-02 10:17:35,7.0,Solar Wind,0.5981618041743886,0.7268743611758453
55,2014-09-02 10:17:35,2014-09-02 10:18:01,26.0,Magnetosheath,0.751650932196457,0.8084848484848485
56,2014-09-02 10:18:01,2014-09-02 10:18:06,5.0,Solar Wind,0.5054389047812498,0.4613281445368784
57,2014-09-02 10:18:06,2014-09-02 10:18:21,15.0,Magnetosheath,0.6196088141454119,0.7098513680222825
58,2014-09-02 10:18:21,2014-09-02 10:18:37,16.0,Solar Wind,0.6911103482812548,0.778998778998779
59,2014-09-02 10:18:37,2014-09-02 10:18:43,6.0,Magnetosheath,0.2607466622807536,0.28227194492254737
60,2014-09-02 10:18:43,2014-09-02 10:19:04,21.0,Solar Wind,0.691264540303548,0.7770943645281774
61,2014-09-02 10:19:04,2014-09-02 10:21:41,157.0,Magnetosheath,0.900202143112607,0.9337687506292157
62,2014-09-02 10:21:41,2014-09-02 10:21:59,18.0,Solar Wind,0.3548201949641486,0.3405315614617941
63,2014-09-02 10:21:59,2014-09-02 10:22:16,17.0,Magnetosheath,0.6608681120604497,0.6877470355731226
64,2014-09-02 10:22:16,2014-09-02 10:22:18,2.0,Solar Wind,0.17777843867015053,0.18545454545454543
65,2011-12-30 13:14:09,2011-12-30 13:14:13,4.0,Solar Wind,0.2668043778859259,0.37133550488599354
66,2011-12-30 13:14:13,2011-12-30 13:14:16,3.0,Magnetosheath,0.17371920691012988,0.1625201496395876
67,2011-12-30 13:14:16,2011-12-30 13:14:19,3.0,Solar Wind,0.2463015056448401,0.22511094325370595
68,2011-12-30 13:14:19,2011-12-30 13:21:56,457.0,Magnetosheath,0.9359658399545683,0.9658385093167702
69,2011-12-30 13:21:56,2011-12-30 13:32:01,605.0,Solar Wind,0.9138139979034987,0.9287624136182011
70,2014-10-19 22:07:45,2014-10-19 22:07:53,8.0,Magnetosheath,0.2687820808700455,0.27882960413080915
71,2014-10-19 22:07:53,2014-10-19 22:07:54,1.0,Magnetosheath,0.18500499615050714,0.18500499615050714
72,2014-10-19 22:07:54,2014-10-19 22:07:57,3.0,Magnetosheath,0.21548394439894125,0.2198142414860682
73,2014-10-19 22:07:57,2014-10-19 22:07:59,2.0,Magnetosphere,0.10435200991890003,0.043052837573385516
74,2014-10-19 22:07:59,2014-10-19 22:08:05,6.0,Magnetosheath,0.18334570937959804,0.1851179673321235
75,2014-10-19 22:08:05,2014-10-19 22:08:09,4.0,Magnetosphere,0.10292268656789605,0.046875
76,2014-10-19 22:08:09,2014-10-19 22:08:19,10.0,Magnetosheath,0.13031638211736507,0.10606060606060619
77,2014-10-19 22:08:19,2014-10-19 22:08:20,1.0,Magnetosheath,0.047797534701589206,0.047797534701589206
78,2014-10-19 22:08:20,2014-10-19 22:08:21,1.0,Magnetosphere,0.005980071729052017,0.005980071729052017
79,2014-10-19 22:08:21,2014-10-19 22:08:22,1.0,Magnetosheath,0.021665792625177316,0.021665792625177316
80,2014-10-19 22:08:22,2014-10-19 22:08:48,26.0,Magnetosheath,0.19247531714551802,0.22695035460992907
81,2014-10-19 22:08:48,2014-10-19 22:08:51,3.0,Magnetosphere,0.08296376390916116,0.07634027895837792
82,2014-10-19 22:08:51,2014-10-19 22:08:59,8.0,Magnetosheath,0.27797722630664,0.31932773109243695
83,2014-10-19 22:08:59,2014-10-19 22:09:03,4.0,Magnetosphere,0.2816677818319777,0.23943661971830965
84,2014-10-19 22:09:03,2014-10-19 22:09:06,3.0,Magnetosheath,0.13172083164839854,0.12530747065851422
85,2014-10-19 22:09:06,2014-10-19 22:09:14,8.0,Magnetosphere,0.16674355105952798,0.12570356472795496
86,2014-10-19 22:09:14,2014-10-19 22:09:54,40.0,Magnetosheath,0.3777734463432667,0.3443708609271523
87,2014-10-19 22:09:54,2014-10-19 22:09:55,1.0,Magnetosheath,0.166488851312814,0.166488851312814
88,2014-10-19 22:09:55,2014-10-19 22:10:07,12.0,Magnetosheath,0.18750080979947503,0.20466786355475797
89,2014-10-19 22:10:07,2014-10-19 22:10:11,4.0,Magnetosphere,0.3279887026927647,0.302207130730051
90,2014-10-19 22:10:11,2014-10-19 22:10:14,3.0,Magnetosheath,0.1596362444708389,0.08582816781700142
91,2014-10-19 22:10:14,2014-10-19 22:10:36,22.0,Magnetosphere,0.13463744856844673,0.09885931558935357
92,2014-10-19 22:10:36,2014-10-19 22:10:37,1.0,Magnetosphere,0.10222079778748472,0.10222079778748472
93,2014-10-19 22:10:37,2014-10-19 22:10:51,14.0,Magnetosphere,0.13320770752977296,0.08061420345489478
94,2014-10-19 22:10:51,2014-10-19 22:10:53,2.0,Magnetosheath,0.10917380924425657,0.10606060606060619
95,2014-10-19 22:10:53,2014-10-19 22:11:10,17.0,Magnetosphere,0.14670161646470536,0.13270375649840682
96,2014-10-19 22:11:10,2014-10-19 22:11:11,1.0,Magnetosphere,0.10045747766729685,0.10045747766729685
97,2014-10-19 22:11:11,2014-10-19 22:11:12,1.0,Magnetosheath,0.09068732986432937,0.09068732986432937
98,2014-10-19 22:11:12,2014-10-19 22:11:15,3.0,Magnetosheath,0.07085436076774099,0.08437024290158202
99,2014-10-19 22:11:15,2014-10-19 22:11:23,8.0,Magnetosphere,0.12096052244667266,0.07692307692307676
100,2014-10-19 22:11:23,2014-10-19 22:11:28,5.0,Magnetosheath,0.047795040753716544,0.03920814766684999
101,2014-10-19 22:11:28,2014-10-19 22:11:32,4.0,Magnetosphere,0.1348710808097472,0.1292134831460675
102,2014-10-19 22:11:32,2014-10-19 22:11:37,5.0,Magnetosheath,0.04540599389993927,0.04975328947368407
103,2014-10-19 22:11:37,2014-10-19 22:11:38,1.0,Magnetosheath,0.025433507984031767,0.025433507984031767
104,2014-10-19 22:11:38,2014-10-19 22:11:43,5.0,Magnetosheath,0.15359806635723094,0.18004173152717529
105,2014-10-19 22:11:43,2014-10-19 22:11:44,1.0,Magnetosheath,0.04071324946076427,0.04071324946076427
106,2014-10-19 22:11:44,2014-10-19 22:11:46,2.0,Magnetosheath,0.04524216878217857,0.046875
107,2014-10-19 22:11:46,2014-10-19 22:11:53,7.0,Magnetosphere,0.1297912454185144,0.11424712071662169
108,2014-10-19 22:11:53,2014-10-19 22:12:00,7.0,Magnetosheath,0.06878650638994699,0.06575678668701923
109,2014-10-19 22:12:00,2014-10-19 22:12:06,6.0,Magnetosphere,0.05766018961978581,0.06201550387596899
110,2014-10-19 22:12:06,2014-10-19 22:12:08,2.0,Magnetosheath,0.028624120907629114,0.011928429423459397
111,2014-10-19 22:12:08,2014-10-19 22:12:14,6.0,Magnetosphere,0.1027317710566491,0.058252427184466105
112,2014-10-19 22:12:14,2014-10-19 22:12:16,2.0,Magnetosheath,0.028723446722922374,0.03149606299212582
113,2014-10-19 22:12:16,2014-10-19 22:12:18,2.0,Magnetosphere,0.05444042813980321,0.050682261208576995
114,2014-10-19 22:12:18,2014-10-19 22:12:19,1.0,Magnetosphere,0.04668871771981431,0.04668871771981431
115,2014-10-19 22:12:19,2014-10-19 22:12:21,2.0,Magnetosphere,0.0629425589637792,0.07692307692307698
116,2014-10-19 22:12:21,2014-10-19 22:12:27,6.0,Magnetosheath,0.14557343570474723,0.12030075187969891
117,2014-10-19 22:12:27,2014-10-19 22:12:28,1.0,Magnetosheath,0.09154049831188726,0.09154049831188726
118,2014-10-19 22:12:28,2014-10-19 22:12:31,3.0,Magnetosheath,0.1376549020052158,0.11853079025246749
119,2014-10-19 22:12:31,2014-10-19 22:12:35,4.0,Magnetosphere,0.03355583918991534,0.015873015873015928
120,2014-10-19 22:12:35,2014-10-19 22:12:37,2.0,Magnetosheath,0.023653906006847136,0.015873015873015928
121,2014-10-19 22:12:37,2014-10-19 22:12:38,1.0,Magnetosheath,0.05248985474267076,0.05248985474267076
122,2014-10-19 22:12:38,2014-10-19 22:12:59,21.0,Magnetosheath,0.24733782282328387,0.26539331792797993
123,2014-10-19 22:12:59,2014-10-19 22:13:00,1.0,Magnetosheath,0.0684382589202317,0.0684382589202317
124,2014-10-19 22:13:00,2014-10-19 22:13:01,1.0,Magnetosphere,0.017849339605928716,0.017849339605928716
125,2014-10-19 22:13:01,2014-10-19 22:13:03,2.0,Magnetosphere,0.06578848969099482,0.07528957528957536
126,2014-10-19 22:13:03,2014-10-19 22:13:43,40.0,Magnetosheath,0.2921954457583501,0.2716262975778546
127,2014-10-19 22:13:43,2014-10-19 22:13:44,1.0,Magnetosheath,0.42253312533322807,0.42253312533322807
128,2011-07-01 20:07:25,2011-07-01 20:07:32,7.0,Magnetosheath,0.26121820669256535,0.24592336643267776
129,2011-07-01 20:07:32,2011-07-01 20:08:43,71.0,Magnetosphere,0.6159974130479273,0.6538199904911678
130,2011-07-01 20:08:43,2011-07-01 20:08:51,8.0,Magnetosheath,0.2824014835773818,0.24
131,2011-07-01 20:08:51,2011-07-01 20:09:06,15.0,Magnetosphere,0.48308293161583327,0.5048951461956424
132,2011-07-01 20:09:06,2011-07-01 20:09:09,3.0,Magnetosheath,0.2049964559942803,0.23732526841867707
133,2011-07-01 20:09:09,2011-07-01 20:09:11,2.0,Magnetosphere,0.14810368781579075,0.13269230769230778
134,2011-07-01 20:09:11,2011-07-01 20:09:14,3.0,Magnetosheath,0.16504004487491752,0.16523709654485996
135,2011-07-01 20:09:14,2011-07-01 20:09:16,2.0,Magnetosphere,0.09317905102634683,0.08102766798418981
136,2011-12-01 21:12:21,2011-12-01 21:12:23,2.0,Magnetosphere,0.055121882727343974,0.06822612085769975
137,2011-12-01 21:12:23,2011-12-01 21:12:35,12.0,Magnetosheath,0.1820603218922271,0.2119565217391305
138,2011-12-01 21:12:35,2011-12-01 21:12:39,4.0,Magnetosphere,0.0520924430029821,0.03599999999999992
139,2011-12-01 21:12:39,2011-12-01 21:12:46,7.0,Magnetosheath,0.1552313216139518,0.15276333356756377
140,2011-12-01 21:12:46,2011-12-01 21:12:49,3.0,Magnetosphere,0.1313384637183329,0.14066184956595906
141,2011-12-01 21:12:49,2011-12-01 21:13:04,15.0,Magnetosheath,0.21186003207346005,0.23120439818358074
142,2011-12-01 21:13:04,2011-12-01 21:13:10,6.0,Magnetosphere,0.3044485473235915,0.27894736842105283
143,2011-12-01 21:13:10,2011-12-01 21:13:11,1.0,Magnetosphere,0.0509238332579971,0.0509238332579971
144,2011-12-01 21:13:11,2011-12-01 21:13:12,1.0,Magnetosheath,0.03822937625754541,0.03822937625754541
145,2011-12-01 21:13:12,2011-12-01 21:13:25,13.0,Magnetosheath,0.25427554527687535,0.278950479899847
146,2011-12-01 21:13:25,2011-12-01 21:13:31,6.0,Magnetosphere,0.01779216186390009,0.01814516129032273
147,2011-12-01 21:13:31,2011-12-01 21:13:33,2.0,Magnetosheath,0.04255102013767953,0.045816733067729265
148,2011-12-01 21:13:33,2011-12-01 21:13:34,1.0,Magnetosheath,0.08065059899395055,0.08065059899395055
149,2011-12-01 21:13:34,2011-12-01 21:13:36,2.0,Magnetosheath,0.07105361172862823,0.10172744721689087
150,2011-12-01 21:13:36,2011-12-01 21:13:42,6.0,Magnetosphere,0.11953155591558107,0.08333333333333326
151,2011-12-01 21:13:42,2011-12-01 21:13:51,9.0,Magnetosheath,0.14887098701993917,0.1493914771934719
152,2011-12-01 21:13:51,2011-12-01 21:13:54,3.0,Magnetosphere,0.05418364652111651,0.05316373124592322
153,2011-12-01 21:13:54,2011-12-01 21:14:20,26.0,Magnetosheath,0.2251849667889403,0.2644483362521892
154,2011-12-01 21:14:20,2011-12-01 21:14:27,7.0,Magnetosphere,0.09349835059427303,0.07467129277709628
155,2011-12-01 21:14:27,2011-12-01 21:14:35,8.0,Magnetosheath,0.17191790957393294,0.18032786885245877
156,2011-12-01 21:14:35,2011-12-01 21:14:37,2.0,Magnetosphere,0.05661762502335144,0.06078431372549031
157,2011-12-01 21:14:37,2011-12-01 21:14:38,1.0,Magnetosphere,0.06072483788035776,0.06072483788035776
158,2011-12-01 21:14:38,2011-12-01 21:14:44,6.0,Magnetosphere,0.0611365881411734,0.03585657370517936
159,2011-12-01 21:14:44,2011-12-01 21:14:45,1.0,Magnetosphere,0.01507640218822992,0.01507640218822992
160,2011-12-01 21:14:45,2011-12-01 21:14:51,6.0,Magnetosphere,0.05457820989881779,0.04365079365079383
161,2011-12-01 21:14:51,2011-12-01 21:14:53,2.0,Magnetosheath,0.0280850224449809,0.0080971659919028
162,2011-12-01 21:14:53,2011-12-01 21:14:54,1.0,Magnetosheath,0.02957253311363206,0.02957253311363206
163,2011-12-01 21:14:54,2011-12-01 21:15:06,12.0,Magnetosheath,0.16230603142998434,0.16697588126159546
164,2011-12-01 21:15:06,2011-12-01 21:15:09,3.0,Magnetosphere,0.013388403871975596,0.0050546028233655615
165,2011-12-01 21:15:09,2011-12-01 21:15:10,1.0,Magnetosphere,0.035650298215422316,0.035650298215422316
166,2011-12-01 21:15:10,2011-12-01 21:15:21,11.0,Magnetosphere,0.11631197086353884,0.1253634533661374
167,2011-12-01 21:15:21,2011-12-01 21:15:22,1.0,Magnetosphere,0.028871486527986656,0.028871486527986656
168,2011-12-01 21:15:22,2011-12-01 21:15:24,2.0,Magnetosphere,0.008143992451758897,0.010141987829614174
169,2011-12-01 21:15:24,2011-12-01 21:15:26,2.0,Magnetosheath,0.0523468525891726,0.0582329317269078
170,2011-12-01 21:15:26,2011-12-01 21:15:35,9.0,Magnetosphere,0.0888285515460725,0.06990674576244116
171,2011-12-01 21:15:35,2011-12-01 21:15:45,10.0,Magnetosheath,0.11280895280405001,0.10192307692307678
172,2011-12-01 21:15:45,2011-12-01 21:15:55,10.0,Magnetosphere,0.1216056692248777,0.1285988483685221
173,2011-12-01 21:15:55,2011-12-01 21:15:56,1.0,Magnetosphere,0.09401506769927825,0.09401506769927825
174,2011-12-01 21:15:56,2011-12-01 21:15:57,1.0,Magnetosheath,0.04800930338365461,0.04800930338365461
175,2011-12-01 21:15:57,2011-12-01 21:16:01,4.0,Magnetosheath,0.02147534375162352,0.01609657947686105
176,2011-12-01 21:16:01,2011-12-01 21:16:16,15.0,Magnetosphere,0.13244956940714858,0.12786835525439766
177,2011-12-01 21:16:16,2011-12-01 21:16:17,1.0,Magnetosphere,0.06665898529016401,0.06665898529016401
178,2011-12-01 21:16:17,2011-12-01 21:17:17,60.0,Magnetosphere,0.3604211523327919,0.3603305785123968
179,2011-12-01 21:17:17,2011-12-01 21:17:29,12.0,Magnetosheath,0.1278710300027477,0.10285714285714298
180,2011-12-01 21:17:29,2011-12-01 21:17:34,5.0,Magnetosphere,0.04986294439764605,0.026501331641300196
181,2011-12-01 21:17:34,2011-12-01 21:17:35,1.0,Magnetosphere,0.01760913548918064,0.01760913548918064
182,2011-12-01 21:17:35,2011-12-01 21:17:38,3.0,Magnetosphere,0.04620757092147798,0.0522167947355181
183,2011-12-01 21:17:38,2011-12-01 21:17:40,2.0,Magnetosheath,0.0729932035843257,0.06573705179282874
184,2011-12-01 21:17:40,2011-12-01 21:17:42,2.0,Magnetosphere,0.0198037850607774,0.018292682926829285
185,2011-12-01 21:17:42,2011-12-01 21:17:47,5.0,Magnetosheath,0.043402574887880685,0.022094548634729372
186,2011-12-01 21:17:47,2011-12-01 21:17:49,2.0,Magnetosphere,0.02775988442217725,0.035643564356435675
187,2011-12-01 21:17:49,2011-12-01 21:17:54,5.0,Magnetosheath,0.042110319146397956,0.04059405940594074
188,2011-12-01 21:17:54,2011-12-01 21:18:23,29.0,Magnetosphere,0.33142938084904683,0.37028448252189894
189,2011-12-01 21:18:23,2011-12-01 21:18:25,2.0,Magnetosheath,0.0740537187639404,0.06835937499999978
190,2011-12-01 21:18:25,2011-12-01 21:19:18,53.0,Magnetosphere,0.3043639512302546,0.33220147142048684
191,2011-12-01 21:19:18,2011-12-01 21:19:21,3.0,Magnetosheath,0.06657817982854164,0.07003891050583677
192,2011-12-01 21:19:21,2011-12-01 21:19:28,7.0,Magnetosphere,0.04355768131435023,0.035146842522103205
193,2011-12-01 21:19:28,2011-12-01 21:19:29,1.0,Magnetosphere,0.02644346199062808,0.02644346199062808
194,2011-12-01 21:19:29,2011-12-01 21:19:30,1.0,Magnetosheath,0.01731160896130335,0.01731160896130335
195,2011-12-01 21:19:30,2011-12-01 21:19:32,2.0,Magnetosheath,0.028063188764205216,0.014256619144602634
196,2011-12-01 21:19:32,2011-12-01 21:19:41,9.0,Magnetosphere,0.18970506289274292,0.16330702807800057
197,2011-12-01 21:19:41,2011-12-01 21:20:01,20.0,Magnetosheath,0.3911599248058355,0.4143556280587276
198,2011-12-01 21:20:01,2011-12-01 21:20:02,1.0,Magnetosheath,0.005095806143231352,0.005095806143231352
199,2011-12-01 21:20:02,2011-12-01 21:20:11,9.0,Magnetosheath,0.07131886406494858,0.05590698234833402
200,2011-12-01 21:20:11,2011-12-01 21:20:15,4.0,Magnetosphere,0.09807761325032927,0.11411992263056092
201,2011-12-01 21:20:15,2011-12-01 21:20:17,2.0,Magnetosheath,0.07691941624909371,0.043912175648702645
202,2011-12-01 21:20:17,2011-12-01 21:20:35,18.0,Magnetosphere,0.23984746792771394,0.22323049001814899
203,2011-12-01 21:20:35,2011-12-01 21:20:36,1.0,Magnetosphere,0.05877596639618765,0.05877596639618765
204,2011-12-01 21:20:36,2011-12-01 21:20:39,3.0,Magnetosphere,0.0990653871606294,0.11939977051359651
205,2011-12-01 21:20:39,2011-12-01 21:20:41,2.0,Magnetosheath,0.037892044771719924,0.031496062992125595
206,2011-12-01 21:20:41,2011-12-01 21:21:24,43.0,Magnetosphere,0.2883463321848422,0.26389598653870117
207,2011-12-01 21:21:24,2011-12-01 21:21:29,5.0,Magnetosheath,0.14395271171286927,0.12652922923279963
208,2011-12-01 21:21:29,2011-12-01 21:21:30,1.0,Magnetosheath,0.0491623613506561,0.0491623613506561
209,2011-12-01 21:21:30,2011-12-01 21:21:36,6.0,Magnetosheath,0.1486314984937459,0.17293233082706783
210,2011-12-01 21:21:36,2011-12-01 21:21:48,12.0,Magnetosphere,0.30751778872321567,0.3643926788685524
211,2011-12-01 21:21:48,2011-12-01 21:21:52,4.0,Magnetosheath,0.18364117034457994,0.18888888888888877
212,2011-12-01 21:21:52,2011-12-01 21:22:00,8.0,Magnetosphere,0.13048201567201223,0.12810707456978965
213,2011-12-01 21:22:00,2011-12-01 21:22:11,11.0,Magnetosheath,0.3545780629634324,0.34121621621621634
214,2011-12-01 21:22:11,2011-12-01 21:23:16,65.0,Magnetosphere,0.5725187862567214,0.581540211252876
215,2011-12-01 21:23:16,2011-12-01 21:23:30,14.0,Magnetosheath,0.4438026579557156,0.48694316436251917
216,2011-12-01 21:23:30,2011-12-01 21:24:13,43.0,Magnetosphere,0.7319100753364166,0.8125241643144312
217,2011-12-01 21:24:13,2011-12-01 21:24:18,5.0,Magnetosheath,0.32834728351330356,0.3181212651771781
218,2011-12-01 21:24:18,2011-12-01 21:26:03,105.0,Magnetosphere,0.6892976318662853,0.7500012078558947
219,2011-12-01 21:26:03,2011-12-01 21:26:16,13.0,Magnetosheath,0.4829794162776896,0.5233775501447547
220,2011-12-01 21:26:16,2011-12-01 21:27:04,48.0,Magnetosphere,0.7562383153082665,0.8576512455516014
221,2011-12-01 21:27:04,2011-12-01 21:27:05,1.0,Magnetosphere,0.12445069366329209,0.12445069366329209
222,2011-12-01 21:27:05,2011-12-01 21:28:46,101.0,Magnetosphere,0.7072836296745684,0.746523782125048
223,2011-12-01 21:28:46,2011-12-01 21:28:47,1.0,Magnetosphere,0.13727526132404166,0.13727526132404166
224,2011-12-01 21:28:47,2011-12-01 21:28:48,1.0,Magnetosheath,0.014912698412698377,0.014912698412698377
225,2011-12-01 21:28:48,2011-12-01 21:28:58,10.0,Magnetosheath,0.2308180209124392,0.22540250447227195
226,2011-12-01 21:28:58,2011-12-01 21:29:29,31.0,Magnetosphere,0.4545963814293734,0.5190360790886237
227,2011-12-01 21:29:29,2011-12-01 21:29:30,1.0,Magnetosphere,0.097965431949807,0.097965431949807
228,2011-12-01 21:29:30,2011-12-01 21:29:48,18.0,Magnetosphere,0.6407481973416804,0.7411616161616161
229,2011-12-01 21:29:48,2011-12-01 21:29:59,11.0,Magnetosheath,0.4958409687389115,0.5798152388572985
230,2011-12-01 21:29:59,2011-12-01 21:30:18,19.0,Magnetosphere,0.315913617733377,0.29078296873068843
231,2011-12-01 21:30:18,2011-12-01 21:30:25,7.0,Magnetosheath,0.31413863747508364,0.35023096400217435
232,2011-12-01 21:30:25,2011-12-01 21:30:41,16.0,Magnetosphere,0.23441953743762345,0.2508960573476703
233,2011-12-01 21:30:41,2011-12-01 21:30:54,13.0,Magnetosheath,0.21590315070069122,0.11900191938579674
234,2011-12-01 21:30:54,2011-12-01 21:31:03,9.0,Magnetosphere,0.32564794399368857,0.3250156069919323
235,2011-12-01 21:31:03,2011-12-01 21:31:20,17.0,Magnetosheath,0.16550488897166438,0.18159719359006066
236,2011-12-01 21:31:20,2011-12-01 21:31:21,1.0,Magnetosheath,0.0411209677419353,0.0411209677419353
237,2011-12-01 21:31:21,2011-12-01 21:31:28,7.0,Magnetosheath,0.22146596341206304,0.24224034111252146
238,2011-12-01 21:31:28,2011-12-01 21:31:30,2.0,Magnetosphere,0.08585166602492411,0.03245436105476662
239,2011-12-01 21:31:30,2011-12-01 21:31:33,3.0,Magnetosheath,0.05967692954261472,0.051586717376190916
240,2011-12-01 21:31:33,2011-12-01 21:31:39,6.0,Magnetosphere,0.14999588892682225,0.13320463320463316
241,2011-12-01 21:31:39,2011-12-01 21:31:40,1.0,Magnetosphere,0.03161841274355215,0.03161841274355215
242,2011-12-01 21:31:40,2011-12-01 21:34:25,165.0,Magnetosphere,0.7429908312409288,0.7757026397515527
243,2011-12-01 21:34:25,2011-12-01 21:34:26,1.0,Magnetosphere,0.11423806661769409,0.11423806661769409
244,2011-12-01 21:34:26,2011-12-01 21:41:40,434.0,Magnetosphere,0.7302940632056816,0.7570332480818415
245,2012-01-15 17:55:32,2012-01-15 17:56:08,36.0,Solar Wind,0.7894650019429641,0.8177514792899409
246,2012-01-15 17:56:08,2012-01-15 18:02:46,398.0,Magnetosheath,0.9816065709197228,0.9949698189134809
247,2012-01-15 18:02:46,2012-01-15 18:03:03,17.0,Solar Wind,0.7579567552865126,0.8357159914897312
248,2012-01-15 18:03:03,2012-01-15 18:03:13,10.0,Magnetosheath,0.4802734793457558,0.5323529411764707
249,2012-01-15 18:03:13,2012-01-15 18:04:38,85.0,Solar Wind,0.7662337669667143,0.84459811237635
250,2012-01-15 18:04:38,2012-01-15 18:05:44,66.0,Magnetosheath,0.8676049274470616,0.9326923076923077
251,2012-01-15 18:05:44,2012-01-15 18:06:36,52.0,Solar Wind,0.7868049930586505,0.8370197904540163
252,2012-01-15 18:06:36,2012-01-15 18:06:56,20.0,Magnetosheath,0.76558980941365,0.9253246753246753
253,2012-01-15 18:06:56,2012-01-15 18:08:23,87.0,Solar Wind,0.8829990981676717,0.9690721649484536
254,2012-01-15 18:08:23,2012-01-15 18:10:46,143.0,Magnetosheath,0.8925193234971484,0.9750250410131188
255,2012-01-15 18:10:46,2012-01-15 18:20:51,605.0,Solar Wind,0.9634297423022432,0.9764585465711362
256,2014-02-13 02:33:37,2014-02-13 02:33:38,1.0,Magnetosphere,0.09021803004505236,0.09021803004505236
257,2014-02-13 02:33:38,2014-02-13 02:40:58,440.0,Magnetosphere,0.712241388196985,0.7903030303030303
258,2014-02-13 02:40:58,2014-02-13 02:41:50,52.0,Magnetosheath,0.6430081636359793,0.7174479166666667
259,2014-02-13 02:41:50,2014-02-13 02:42:36,46.0,Magnetosphere,0.5955018403082117,0.6621983914209115
260,2013-09-08 04:33:35,2013-09-08 04:33:56,21.0,Solar Wind,0.473026619951493,0.28850439229208447
261,2013-09-08 04:33:56,2013-09-08 04:34:35,39.0,Magnetosheath,0.8173440489718251,0.9255177741947868
262,2013-09-08 04:34:35,2013-09-08 04:35:36,61.0,Solar Wind,0.8664609894957721,0.9690562063132361
263,2013-09-08 04:35:36,2013-09-08 04:35:56,20.0,Magnetosheath,0.6648936336270354,0.8129496402877698
264,2013-09-08 04:35:56,2013-09-08 04:39:05,189.0,Solar Wind,0.9409709272372613,0.9753846153846154
265,2013-09-08 04:39:05,2013-09-08 04:39:37,32.0,Magnetosheath,0.7682741269774536,0.8781038374717832
266,2013-09-08 04:39:37,2013-09-08 04:39:43,6.0,Solar Wind,0.25870331083975906,0.1890909090909091
267,2013-09-08 04:39:43,2013-09-08 04:39:55,12.0,Magnetosheath,0.5307651261433488,0.6830294530154278
268,2013-09-08 04:39:55,2013-09-08 04:40:07,12.0,Solar Wind,0.48541646360068735,0.5422740524781342
269,2013-09-08 04:40:07,2013-09-08 04:43:28,201.0,Magnetosheath,0.9339533743883315,0.9641538376035125
270,2013-09-08 04:43:28,2013-09-08 04:43:40,12.0,Solar Wind,0.5849032845417328,0.8137603795966786
271,2013-09-08 04:43:40,2013-09-08 04:46:11,151.0,Magnetosheath,0.8582223812406641,0.9190514313440078
272,2013-09-08 04:46:11,2013-09-08 04:56:38,627.0,Solar Wind,0.913284404709406,0.9314407944715648
273,2012-07-17 14:05:33,2012-07-17 14:05:43,10.0,Magnetosheath,0.5069775032712126,0.5748930099857346
274,2012-07-17 14:05:43,2012-07-17 14:05:53,10.0,Solar Wind,0.4602131342328698,0.5111773472429211
275,2012-07-17 14:05:53,2012-07-17 14:06:02,9.0,Magnetosheath,0.30641466213242274,0.3009302110329508
276,2012-07-17 14:06:02,2012-07-17 14:06:05,3.0,Solar Wind,0.19444680703555373,0.18201826185019454
277,2012-07-17 14:06:05,2012-07-17 14:06:34,29.0,Magnetosheath,0.6035764627444244,0.6794442347612757
278,2012-07-17 14:06:34,2012-07-17 14:06:39,5.0,Solar Wind,0.1387390775526245,0.11979633775166487
279,2014-12-31 01:29:31,2014-12-31 01:29:33,2.0,Solar Wind,0.14312793888676012,0.18165137614678917
280,2014-12-31 01:29:33,2014-12-31 01:29:51,18.0,Magnetosheath,0.6824124925587847,0.7848101265822784
281,2014-12-31 01:29:51,2014-12-31 01:39:52,601.0,Solar Wind,0.6230409321208719,0.6273492985067288
282,2011-12-19 15:38:45,2011-12-19 15:39:04,19.0,Magnetosheath,0.171674257386085,0.14494886677722496
283,2011-12-19 15:39:04,2011-12-19 15:39:14,10.0,Solar Wind,0.3731061478508336,0.3798701298701298
284,2011-12-19 15:39:14,2011-12-19 15:39:34,20.0,Magnetosheath,0.7385076211876902,0.8083832335329342
285,2011-12-19 15:39:34,2011-12-19 15:39:36,2.0,Solar Wind,0.22955541969594428,0.2886597938144331
286,2011-12-19 15:39:36,2011-12-19 15:47:56,500.0,Magnetosheath,0.8243910722148518,0.8818897637795275
287,2011-12-19 15:47:56,2011-12-19 15:48:04,8.0,Magnetosphere,0.3010497307319179,0.3579638752052545
288,2011-12-19 15:48:04,2011-12-19 15:48:13,9.0,Magnetosheath,0.2039419047879636,0.18007835195298894
289,2011-12-19 15:48:13,2011-12-19 15:51:01,168.0,Magnetosphere,0.8665370436667983,0.9247311827956989
290,2015-03-15 07:55:23,2015-03-15 07:55:24,1.0,Magnetosheath,0.02188804801670141,0.02188804801670141
291,2015-03-15 07:55:24,2015-03-15 07:55:49,25.0,Magnetosheath,0.262334493984285,0.2552403881570575
292,2015-03-15 07:55:49,2015-03-15 07:55:53,4.0,Magnetosphere,0.07314007277454826,0.08730158730158721
293,2015-03-15 07:55:53,2015-03-15 07:57:00,67.0,Magnetosheath,0.5369014941756276,0.5236237860465563
294,2015-03-15 07:57:00,2015-03-15 07:57:01,1.0,Magnetosheath,0.04839642545842604,0.04839642545842604
295,2015-03-15 07:57:01,2015-03-15 07:57:26,25.0,Magnetosheath,0.3068264116260342,0.2763024354443603
296,2015-03-15 07:57:26,2015-03-15 07:57:29,3.0,Magnetosphere,0.16543519454029942,0.19961878996556814
297,2015-03-15 07:57:29,2015-03-15 07:57:30,1.0,Magnetosphere,0.03854193293039909,0.03854193293039909
298,2015-03-15 07:57:30,2015-03-15 07:57:31,1.0,Magnetosheath,0.018414272642555574,0.018414272642555574
299,2015-03-15 07:57:31,2015-03-15 07:57:32,1.0,Magnetosphere,0.006222008541455493,0.006222008541455493
300,2015-03-15 07:57:32,2015-03-15 07:57:34,2.0,Magnetosphere,0.06588241829431707,0.04081632653061229
301,2015-03-15 07:57:34,2015-03-15 07:57:46,12.0,Magnetosheath,0.10596864060375932,0.11350293542074363
302,2015-03-15 07:57:46,2015-03-15 07:57:47,1.0,Magnetosheath,0.01724787428694441,0.01724787428694441
303,2015-03-15 07:57:47,2015-03-15 07:57:53,6.0,Magnetosheath,0.08809377056988232,0.06759443339960247
304,2015-03-15 07:57:53,2015-03-15 07:58:20,27.0,Magnetosphere,0.20584184517144732,0.21173169338306952
305,2015-03-15 07:58:20,2015-03-15 07:58:21,1.0,Magnetosphere,0.09020757983245242,0.09020757983245242
306,2015-03-15 07:58:21,2015-03-15 07:58:22,1.0,Magnetosheath,0.022432693589231167,0.022432693589231167
307,2015-03-15 07:58:22,2015-03-15 07:58:26,4.0,Magnetosheath,0.09952399571751902,0.08946322067594414
308,2015-03-15 07:58:26,2015-03-15 07:58:40,14.0,Magnetosphere,0.24684471003676423,0.27419354838709686
309,2015-03-15 07:58:40,2015-03-15 07:58:45,5.0,Magnetosheath,0.06989527518928895,0.050188909005133286
310,2015-03-15 07:58:45,2015-03-15 07:59:58,73.0,Magnetosphere,0.29794144121530375,0.31201630301617755
311,2015-03-15 07:59:58,2015-03-15 07:59:59,1.0,Magnetosphere,0.05143847983264793,0.05143847983264793
312,2015-03-15 07:59:59,2015-03-15 08:00:00,1.0,Magnetosheath,0.041329390722594006,0.041329390722594006
313,2015-03-15 08:00:00,2015-03-15 08:00:06,6.0,Magnetosheath,0.11206249496750387,0.12835249042145602
314,2015-03-15 08:00:06,2015-03-15 08:11:08,662.0,Magnetosphere,0.7590903771526808,0.8250591016548463
315,2014-11-28 12:20:58,2014-11-28 12:21:02,4.0,Magnetosphere,0.06907546755314065,0.07003891050583655
316,2014-11-28 12:21:02,2014-11-28 12:21:04,2.0,Magnetosheath,0.09344105413412418,0.09980806142034548
317,2014-11-28 12:21:04,2014-11-28 12:21:10,6.0,Magnetosphere,0.07165153540371005,0.09230769230769242
318,2014-11-28 12:21:10,2014-11-28 12:21:11,1.0,Magnetosphere,0.11131167704973355,0.11131167704973355
319,2014-11-28 12:21:11,2014-11-28 12:21:15,4.0,Magnetosphere,0.25342024503429805,0.24420677361853838
320,2014-11-28 12:21:15,2014-11-28 12:21:20,5.0,Magnetosheath,0.09096616051336304,0.07789496438892307
321,2014-11-28 12:21:20,2014-11-28 12:21:26,6.0,Magnetosphere,0.2814930208202382,0.3666666666666668
322,2014-11-28 12:21:26,2014-11-28 12:21:30,4.0,Magnetosheath,0.07521549831429675,0.05128205128205099
323,2014-11-28 12:21:30,2014-11-28 12:21:44,14.0,Magnetosphere,0.22798525340200915,0.3017241379310345
324,2014-11-28 12:21:44,2014-11-28 12:21:45,1.0,Magnetosphere,0.0980031747109017,0.0980031747109017
325,2014-11-28 12:21:45,2014-11-28 12:22:04,19.0,Magnetosphere,0.30407826173571784,0.3153846153846154
326,2014-11-28 12:22:04,2014-11-28 12:22:05,1.0,Magnetosphere,0.24528478057889824,0.24528478057889824
327,2014-11-28 12:22:05,2014-11-28 12:31:12,547.0,Magnetosphere,0.7957513703063747,0.8531267445412317
328,2012-09-14 15:10:39,2012-09-14 15:10:40,1.0,Solar Wind,0.0030120481927708997,0.0030120481927708997
329,2012-09-14 15:10:40,2012-09-14 15:11:59,79.0,Solar Wind,0.7942718920357177,0.9161608294594398
330,2012-09-14 15:11:59,2012-09-14 15:12:30,31.0,Magnetosheath,0.6832047178895637,0.7070568845072126
331,2012-09-14 15:12:30,2012-09-14 15:12:55,25.0,Solar Wind,0.6395332935666861,0.7169379915858789
332,2012-09-14 15:12:55,2012-09-14 15:14:06,71.0,Magnetosheath,0.8515150496936186,0.9420883390031672
333,2012-09-14 15:14:06,2012-09-14 15:14:23,17.0,Solar Wind,0.5827403109466225,0.5932203389830508
334,2012-09-14 15:14:23,2012-09-14 15:20:31,368.0,Magnetosheath,0.897317006687342,0.9379014989293362
335,2012-09-14 15:20:31,2012-09-14 15:20:33,2.0,Magnetosphere,0.4332232376054962,0.41587301587301584
336,2012-09-14 15:20:33,2012-09-14 15:20:34,1.0,Magnetosphere,0.3611420624031746,0.3611420624031746
337,2012-09-14 15:20:34,2012-09-14 15:20:50,16.0,Magnetosphere,0.7666934812123878,0.8901220865704773
338,2012-09-14 15:20:50,2012-09-14 15:21:21,31.0,Magnetosheath,0.722923524927197,0.8952911335214229
339,2012-09-14 15:21:21,2012-09-14 15:21:26,5.0,Magnetosphere,0.40799652555114696,0.44501244665718365
340,2012-09-14 15:21:26,2012-09-14 15:21:28,2.0,Magnetosheath,0.2640680357782331,0.3682487725040916
341,2012-09-14 15:21:28,2012-09-14 15:21:29,1.0,Magnetosheath,0.31328664172910514,0.31328664172910514
342,2012-09-14 15:21:29,2012-09-14 15:21:40,11.0,Magnetosheath,0.4227055549565475,0.5203194035346098
343,2012-09-14 15:21:40,2012-09-14 15:31:48,608.0,Magnetosphere,0.9340622522226544,0.9484752891692955
344,2013-06-25 08:20:54,2013-06-25 08:21:48,54.0,Magnetosphere,0.6331622657311753,0.7484355444305382
345,2013-06-25 08:21:48,2013-06-25 08:23:10,82.0,Magnetosheath,0.9005653112139836,0.9806320081549439
346,2013-06-25 08:23:10,2013-06-25 08:23:19,9.0,Magnetosphere,0.5156437041706209,0.616704772655525
347,2013-06-25 08:23:19,2013-06-25 08:23:40,21.0,Magnetosheath,0.8713793030306398,0.9758462831985534
348,2013-06-25 08:23:40,2013-06-25 08:23:52,12.0,Magnetosphere,0.5964991931449527,0.6403269754768393
349,2013-06-25 08:23:52,2013-06-25 08:24:14,22.0,Magnetosheath,0.8827234257580293,0.9743326488706365
350,2013-06-25 08:24:14,2013-06-25 08:25:15,61.0,Magnetosphere,0.8524334327318926,0.9321916011995028
351,2013-06-25 08:25:15,2013-06-25 08:25:22,7.0,Magnetosheath,0.6110055282993052,0.7169721318077682
352,2013-06-25 08:25:22,2013-06-25 08:34:34,552.0,Magnetosphere,0.9601003434060847,0.9722507708119219
353,2013-05-25 17:33:53,2013-05-25 17:33:57,4.0,Magnetosheath,0.08647000424690976,0.0889748549323014
354,2013-05-25 17:33:57,2013-05-25 17:34:08,11.0,Magnetosphere,0.2852616243280214,0.3166518699845713
355,2013-05-25 17:34:08,2013-05-25 17:34:09,1.0,Magnetosphere,0.1634304426072013,0.1634304426072013
356,2013-05-25 17:34:09,2013-05-25 17:34:26,17.0,Magnetosphere,0.500941390230961,0.5813507779349363
357,2013-05-25 17:34:26,2013-05-25 17:34:33,7.0,Magnetosheath,0.2103506904230723,0.2141599997430652
358,2013-05-25 17:34:33,2013-05-25 17:34:34,1.0,Magnetosheath,0.046186180422264744,0.046186180422264744
359,2013-05-25 17:34:34,2013-05-25 17:34:35,1.0,Magnetosphere,0.05518216318785574,0.05518216318785574
360,2013-05-25 17:34:35,2013-05-25 17:34:36,1.0,Magnetosheath,0.07757278818785585,0.07757278818785585
361,2013-05-25 17:34:36,2013-05-25 17:35:37,61.0,Magnetosheath,0.3716499931287668,0.4011303409783782
362,2013-05-25 17:35:37,2013-05-25 17:35:40,3.0,Magnetosphere,0.14546167062507986,0.1474485432071515
363,2013-05-25 17:35:40,2013-05-25 17:35:42,2.0,Magnetosheath,0.0878537190651415,0.06990291262135928
364,2013-05-25 17:35:42,2013-05-25 17:35:43,1.0,Magnetosheath,0.038951456310679644,0.038951456310679644
365,2013-05-25 17:35:43,2013-05-25 17:35:44,1.0,Magnetosphere,0.0482307692307693,0.0482307692307693
366,2013-05-25 17:35:44,2013-05-25 17:35:55,11.0,Magnetosphere,0.29017461762315,0.2645997949212857
367,2013-05-25 17:35:55,2013-05-25 17:35:58,3.0,Magnetosheath,0.12232265355613436,0.07255902785533985
368,2013-05-25 17:35:58,2013-05-25 17:35:59,1.0,Magnetosheath,0.20753600252186533,0.20753600252186533
369,2013-05-25 17:35:59,2013-05-25 17:36:06,7.0,Magnetosheath,0.3705739516268429,0.42106164250305445
370,2013-05-25 17:36:06,2013-05-25 17:36:37,31.0,Magnetosphere,0.4553611376322554,0.45820433436532515
371,2013-05-25 17:36:37,2013-05-25 17:39:30,173.0,Magnetosheath,0.5724955158145983,0.5974568240624183
372,2013-05-25 17:39:30,2013-05-25 17:39:42,12.0,Magnetosphere,0.3929711932764124,0.36589403973509926
373,2013-05-25 17:39:42,2013-05-25 17:40:13,31.0,Magnetosheath,0.6520116480478285,0.649586710536875
374,2013-05-25 17:40:13,2013-05-25 17:40:15,2.0,Magnetosphere,0.12253910582602712,0.10384615384615403
375,2013-05-25 17:40:15,2013-05-25 17:40:16,1.0,Magnetosphere,0.12590168147310032,0.12590168147310032
376,2013-05-25 17:40:16,2013-05-25 17:40:29,13.0,Magnetosphere,0.511224864750163,0.5607218256760833
377,2013-05-25 17:40:29,2013-05-25 17:40:39,10.0,Magnetosheath,0.5404606878666576,0.5933908045977012
378,2013-05-25 17:40:39,2013-05-25 17:41:08,29.0,Magnetosphere,0.31493313913071885,0.29545212985816705
379,2014-11-04 08:47:02,2014-11-04 08:47:05,3.0,Solar Wind,0.3089012432064915,0.3254324703071515
380,2014-11-04 08:47:05,2014-11-04 09:02:30,925.0,Magnetosheath,0.538633050488181,0.5480980980980981
381,2014-11-04 09:02:30,2014-11-04 09:02:33,3.0,Solar Wind,0.1466384625265187,0.11939234436184087
382,2014-11-04 09:02:33,2014-11-04 09:06:31,238.0,Magnetosheath,0.744418866115312,0.7618453865336658
383,2014-11-04 09:06:31,2014-11-04 09:06:34,3.0,Solar Wind,0.25336385954796614,0.24265404891539188
384,2014-11-04 09:06:34,2014-11-04 09:09:18,164.0,Magnetosheath,0.7372666744903518,0.7968369829683698
385,2014-11-04 09:09:18,2014-11-04 09:09:19,1.0,Magnetosheath,0.24661544604365937,0.24661544604365937
386,2014-11-04 09:09:19,2014-11-04 09:11:08,109.0,Magnetosheath,0.7699654130098873,0.8315663152053274
387,2014-11-04 09:11:08,2014-11-04 09:11:10,2.0,Solar Wind,0.043623298933385235,0.04233870967741937
388,2014-11-04 09:11:10,2014-11-04 09:11:12,2.0,Magnetosheath,0.023572396269460505,0.024340770791074995
389,2014-11-04 09:11:12,2014-11-04 09:11:15,3.0,Solar Wind,0.12429018837194028,0.12775926889289813
390,2014-11-04 09:11:15,2014-11-04 09:16:05,290.0,Magnetosheath,0.7977762254561905,0.8498845265588915
391,2014-11-04 09:16:05,2014-11-04 09:16:18,13.0,Solar Wind,0.138831669384051,0.15526513598469316
392,2014-11-04 09:16:18,2014-11-04 09:33:14,1016.0,Magnetosheath,0.7024981697229163,0.7227214377406932
393,2014-11-04 09:33:14,2014-11-04 09:33:18,4.0,Solar Wind,0.1415149436269738,0.1290322580645158
394,2014-11-04 09:33:18,2014-11-04 09:37:11,233.0,Magnetosheath,0.7838790190526835,0.8452330993298659
395,2014-11-04 09:37:11,2014-11-04 09:37:30,19.0,Solar Wind,0.5095016487318326,0.5916525744338644
396,2014-11-04 09:37:30,2014-11-04 09:37:57,27.0,Magnetosheath,0.6088159469377749,0.7108018836570763
397,2014-11-04 09:37:57,2014-11-04 09:37:58,1.0,Magnetosheath,0.19326382774761786,0.19326382774761786
398,2014-11-04 09:37:58,2014-11-04 09:38:10,12.0,Magnetosheath,0.5757377741164534,0.6589986468200271
399,2014-11-04 09:38:10,2014-11-04 09:38:32,22.0,Solar Wind,0.4654984786891704,0.4798761609907122
400,2014-11-04 09:38:32,2014-11-04 09:41:04,152.0,Magnetosheath,0.65832144228683,0.7873633049817741
401,2014-11-04 09:41:04,2014-11-04 09:41:10,6.0,Solar Wind,0.09197742190462888,0.0940499040307099
402,2014-11-04 09:41:10,2014-11-04 09:41:21,11.0,Magnetosheath,0.16590145532186085,0.1766187050359711
403,2014-11-04 09:41:21,2014-11-04 09:41:23,2.0,Solar Wind,0.11662646861302262,0.1499999999999999
404,2014-11-04 09:41:23,2014-11-04 09:42:22,59.0,Magnetosheath,0.6413120838610413,0.6803655859506923
405,2014-11-04 09:42:22,2014-11-04 09:42:23,1.0,Magnetosheath,0.2129793248237033,0.2129793248237033
406,2014-11-04 09:42:23,2014-11-04 09:45:03,160.0,Magnetosheath,0.7420132803005686,0.7509481668773704
407,2014-11-04 09:45:03,2014-11-04 09:45:04,1.0,Magnetosheath,0.206500843567045,0.206500843567045
408,2014-02-07 16:56:14,2014-02-07 16:56:22,8.0,Magnetosheath,0.07693795890476607,0.07528957528957514
409,2014-02-07 16:56:22,2014-02-07 16:57:02,40.0,Solar Wind,0.3359976479428004,0.2839931153184164
410,2014-02-07 16:57:02,2014-02-07 16:57:13,11.0,Magnetosheath,0.08140352857238164,0.07514107514107504
411,2014-02-07 16:57:13,2014-02-07 16:57:15,2.0,Solar Wind,0.031821969340623646,0.021825396825396637
412,2014-02-07 16:57:15,2014-02-07 16:57:21,6.0,Magnetosheath,0.052949353544632705,0.060428849902534054
413,2014-02-07 16:57:21,2014-02-07 16:57:22,1.0,Magnetosheath,0.03600970873786424,0.03600970873786424
414,2014-02-07 16:57:22,2014-02-07 16:57:23,1.0,Solar Wind,0.0039999999999998925,0.0039999999999998925
415,2014-02-07 16:57:23,2014-02-07 16:57:28,5.0,Solar Wind,0.0543838114096159,0.048761134529917705
416,2014-02-07 16:57:28,2014-02-07 16:57:31,3.0,Magnetosheath,0.044185871601138405,0.04777881625879821
417,2014-02-07 16:57:31,2014-02-07 16:57:32,1.0,Magnetosheath,0.021673744848221377,0.021673744848221377
418,2014-02-07 16:57:32,2014-02-07 16:57:39,7.0,Magnetosheath,0.06986437110627686,0.08067570261112222
419,2014-02-07 16:57:39,2014-02-07 16:57:52,13.0,Solar Wind,0.07197567016460804,0.0678294573643411
420,2014-02-07 16:57:52,2014-02-07 16:57:54,2.0,Magnetosheath,0.033176941060661935,0.021825396825396748
421,2014-02-07 16:57:54,2014-02-07 16:57:57,3.0,Solar Wind,0.006976143141153024,0.006000000000000005
422,2014-02-07 16:57:57,2014-02-07 16:58:53,56.0,Magnetosheath,0.1546636346059891,0.14498141263940534
423,2014-02-07 16:58:53,2014-02-07 16:58:54,1.0,Magnetosheath,0.031435652231425526,0.031435652231425526
424,2014-02-07 16:58:54,2014-02-07 16:58:56,2.0,Magnetosheath,0.056040124059752006,0.07514450867052025
425,2014-02-07 16:58:56,2014-02-07 16:59:00,4.0,Solar Wind,0.04424741488243844,0.062135922330096904
426,2014-02-07 16:59:00,2014-02-07 16:59:47,47.0,Magnetosheath,0.23412428815358766,0.2733512330768102
427,2014-02-07 16:59:47,2014-02-07 16:59:50,3.0,Solar Wind,0.05472983966536238,0.05744609036642623
428,2014-02-07 16:59:50,2014-02-07 16:59:52,2.0,Magnetosheath,0.059119558154645646,0.05458089668615973
429,2014-02-07 16:59:52,2014-02-07 16:59:54,2.0,Solar Wind,0.029618974854730973,0.023809523809523836
430,2014-08-28 09:14:00,2014-08-28 09:14:13,13.0,Magnetosheath,0.49756355979235445,0.5990079365079366
431,2014-08-28 09:14:13,2014-08-28 09:14:26,13.0,Solar Wind,0.2809535516982683,0.29493918180338163
432,2014-08-28 09:14:26,2014-08-28 09:14:45,19.0,Magnetosheath,0.6833422557986888,0.8550850926798828
433,2014-08-28 09:14:45,2014-08-28 09:14:50,5.0,Solar Wind,0.15653672899069881,0.1462392193244686
434,2014-08-28 09:14:50,2014-08-28 09:15:14,24.0,Magnetosheath,0.3704684090252871,0.3703099510603589
435,2014-08-28 09:15:14,2014-08-28 09:25:05,591.0,Solar Wind,0.6980449477331478,0.7386359469632355
436,2014-08-28 09:25:05,2014-08-28 09:25:09,4.0,Magnetosheath,0.22994725238396385,0.21863799283154117
437,2014-08-28 09:25:09,2014-08-28 09:25:37,28.0,Solar Wind,0.6369592926097027,0.6876640419947507
438,2014-08-28 09:25:37,2014-08-28 09:26:28,51.0,Magnetosheath,0.8458301808535743,0.8832345457487021
439,2014-08-28 09:26:28,2014-08-28 09:26:29,1.0,Magnetosheath,0.24041177424636073,0.24041177424636073
440,2014-08-28 09:26:29,2014-08-28 09:26:33,4.0,Magnetosheath,0.10052023532857723,0.09885931558935357
441,2014-08-28 09:26:33,2014-08-28 09:28:01,88.0,Solar Wind,0.5516100395279728,0.5935302390998594
442,2014-08-28 09:28:01,2014-08-28 09:28:02,1.0,Solar Wind,0.11646918928101246,0.11646918928101246
443,2014-08-28 09:28:02,2014-08-28 09:28:03,1.0,Magnetosheath,0.011922583404619269,0.011922583404619269
444,2014-08-28 09:28:03,2014-08-28 09:28:13,10.0,Magnetosheath,0.3556563574549403,0.3633387888707038
445,2014-08-28 09:28:13,2014-08-28 09:28:22,9.0,Solar Wind,0.39082684336613993,0.3725303246994015
446,2014-08-28 09:28:22,2014-08-28 09:28:51,29.0,Magnetosheath,0.5936258326002843,0.6763095250616155
447,2014-08-28 09:28:51,2014-08-28 09:29:00,9.0,Solar Wind,0.18458685464783797,0.23860961537267178
448,2014-08-28 09:29:00,2014-08-28 09:29:02,2.0,Magnetosheath,0.12888155592918027,0.1186440677966103
449,2014-08-28 09:29:02,2014-08-28 09:29:05,3.0,Solar Wind,0.2150737468027769,0.22241746690602615
450,2014-08-28 09:29:05,2014-08-28 09:29:27,22.0,Magnetosheath,0.4418743207466602,0.43993759750390016
451,2014-08-28 09:29:27,2014-08-28 09:29:44,17.0,Solar Wind,0.3024598736726103,0.2779674681083133
452,2014-08-28 09:29:44,2014-08-28 09:29:45,1.0,Solar Wind,0.08001002890684905,0.08001002890684905
453,2014-08-28 09:29:45,2014-08-28 09:29:54,9.0,Solar Wind,0.35906301284768605,0.46308091531021467
454,2014-08-28 09:29:54,2014-08-28 09:29:56,2.0,Magnetosheath,0.026293617659365665,0.02371541501976271
455,2014-08-28 09:29:56,2014-08-28 09:29:57,1.0,Magnetosheath,0.035295207509881354,0.035295207509881354
456,2014-08-28 09:29:57,2014-08-28 09:30:03,6.0,Magnetosheath,0.15414851076237468,0.13966480446927398
457,2014-08-28 09:30:03,2014-08-28 09:30:20,17.0,Solar Wind,0.4178799039403974,0.5194538493250414
458,2014-08-28 09:30:20,2014-08-28 09:30:32,12.0,Magnetosheath,0.16166808637069685,0.18693284936479104
459,2014-08-28 09:30:32,2014-08-28 09:30:37,5.0,Solar Wind,0.1775692278956421,0.19653683032810354
460,2014-08-28 09:30:37,2014-08-28 09:30:38,1.0,Solar Wind,0.05235689469452165,0.05235689469452165
461,2014-08-28 09:30:38,2014-08-28 09:30:48,10.0,Solar Wind,0.22968820712974736,0.19494584837545137
462,2014-08-28 09:30:48,2014-08-28 09:30:49,1.0,Solar Wind,0.2256941854973027,0.2256941854973027
463,2014-08-28 09:30:49,2014-08-28 09:30:57,8.0,Solar Wind,0.19797172921127792,0.16513761467889898
464,2014-08-28 09:30:57,2014-08-28 09:31:09,12.0,Magnetosheath,0.3412264714910378,0.4283464566929134
465,2014-08-28 09:31:09,2014-08-28 09:31:26,17.0,Solar Wind,0.27155068265680427,0.29496892279247156
466,2014-08-28 09:31:26,2014-08-28 09:31:27,1.0,Solar Wind,0.15459842712195904,0.15459842712195904
467,2014-08-28 09:31:27,2014-08-28 09:31:29,2.0,Solar Wind,0.01649129260752158,0.021782178217822135
468,2014-08-28 09:31:29,2014-08-28 09:31:33,4.0,Magnetosheath,0.05827124508962578,0.06031128404669228
469,2014-08-28 09:31:33,2014-08-28 09:32:20,47.0,Solar Wind,0.38015922761587484,0.4164597908673737
470,2014-08-28 09:32:20,2014-08-28 09:32:34,14.0,Magnetosheath,0.28573345807190575,0.26736111111111105
471,2014-08-28 09:32:34,2014-08-28 09:32:39,5.0,Solar Wind,0.20446561961237386,0.1929781153939425
472,2014-08-28 09:32:39,2014-08-28 09:32:43,4.0,Magnetosheath,0.19447325665071413,0.16849816849816857
473,2014-08-28 09:32:43,2014-08-28 09:32:47,4.0,Solar Wind,0.1666087182739091,0.16849816849816857
474,2014-08-28 09:32:47,2014-08-28 09:32:49,2.0,Magnetosheath,0.12455498644199325,0.13780260707634995
475,2014-08-28 09:32:49,2014-08-28 09:33:18,29.0,Solar Wind,0.47646417953078457,0.5693379862255289
476,2014-08-28 09:33:18,2014-08-28 09:40:08,410.0,Magnetosheath,0.9163475351480098,0.9415584415584416
477,2014-08-28 09:40:08,2014-08-28 09:40:13,5.0,Solar Wind,0.4114307129639395,0.4187580873280973
478,2014-08-28 09:40:13,2014-08-28 09:43:39,206.0,Magnetosheath,0.922423829366486,0.9383938393839384
479,2014-08-28 09:43:39,2014-08-28 09:44:39,60.0,Solar Wind,0.6548112169554582,0.6746347941567064
480,2014-08-28 09:44:39,2014-08-28 09:57:29,770.0,Magnetosheath,0.8966724231046462,0.9082872928176796
481,2014-08-28 09:57:29,2014-08-28 09:57:30,1.0,Magnetosheath,0.4560540838852096,0.4560540838852096
482,2013-10-17 01:39:35,2013-10-17 01:39:36,1.0,Magnetosphere,0.09454677433989656,0.09454677433989656
483,2013-10-17 01:39:36,2013-10-17 01:39:37,1.0,Magnetosheath,0.08750662790485086,0.08750662790485086
484,2013-10-17 01:39:37,2013-10-17 01:39:44,7.0,Magnetosheath,0.38502274168057826,0.4274317617866005
485,2013-10-17 01:39:44,2013-10-17 01:39:58,14.0,Magnetosphere,0.34151963124917295,0.3124999999999999
486,2013-10-17 01:39:58,2013-10-17 01:40:00,2.0,Magnetosheath,0.049304788277256484,0.043052837573385516
487,2013-10-17 01:40:00,2013-10-17 01:40:01,1.0,Magnetosheath,0.11024071254621881,0.11024071254621881
488,2013-10-17 01:40:01,2013-10-17 01:40:10,9.0,Magnetosheath,0.26518482910599184,0.3442982456140351
489,2013-10-17 01:40:10,2013-10-17 01:40:33,23.0,Magnetosphere,0.4582882035646807,0.5267947915852038
490,2013-10-17 01:40:33,2013-10-17 01:40:39,6.0,Magnetosheath,0.26302250684485706,0.31932773109243695
491,2013-10-17 01:40:39,2013-10-17 01:40:40,1.0,Magnetosheath,0.06916018708850968,0.06916018708850968
492,2013-10-17 01:40:40,2013-10-17 01:41:05,25.0,Magnetosheath,0.3598725017671307,0.37743210657390214
493,2013-10-17 01:41:05,2013-10-17 01:41:12,7.0,Magnetosphere,0.3030338933545369,0.320682222052712
494,2013-10-17 01:41:12,2013-10-17 01:53:38,746.0,Magnetosheath,0.9047307083863761,0.9644351464435147
495,2013-10-17 01:53:38,2013-10-17 01:53:43,5.0,Solar Wind,0.17089620751838996,0.12308615707528847
496,2013-10-17 01:53:43,2013-10-17 01:53:44,1.0,Solar Wind,0.06606713812956166,0.06606713812956166
497,2013-10-17 01:53:44,2013-10-17 01:53:52,8.0,Solar Wind,0.09175630009365754,0.060428849902534054
498,2013-10-17 01:53:52,2013-10-17 01:54:09,17.0,Magnetosheath,0.48151396054697937,0.5568423648566769
499,2013-10-17 01:54:09,2013-10-17 01:54:10,1.0,Magnetosheath,0.3481777403980937,0.3481777403980937
500,2011-08-02 21:29:48,2011-08-02 21:30:12,24.0,Magnetosheath,0.29007287537572823,0.308219178082192
501,2011-08-02 21:30:12,2011-08-02 21:30:18,6.0,Magnetosphere,0.24971959840237923,0.3120689655172414
502,2011-08-02 21:30:18,2011-08-02 21:31:03,45.0,Magnetosheath,0.38883302184589785,0.4231813083363378
503,2011-08-02 21:31:03,2011-08-02 21:31:04,1.0,Magnetosheath,0.06459875433050022,0.06459875433050022
504,2011-08-02 21:31:04,2011-08-02 21:31:09,5.0,Magnetosheath,0.15687245863217392,0.18334209508317034
505,2011-08-02 21:31:09,2011-08-02 21:31:10,1.0,Magnetosheath,0.08410251320563278,0.08410251320563278
506,2011-08-02 21:31:10,2011-08-02 21:32:13,63.0,Magnetosheath,0.18755079670831742,0.1714016869980174
507,2011-08-02 21:32:13,2011-08-02 21:32:16,3.0,Magnetosphere,0.13619991831467426,0.12910076053675024
508,2011-08-02 21:32:16,2011-08-02 21:32:51,35.0,Magnetosheath,0.29676783765852666,0.2997389224351681
509,2011-08-02 21:32:51,2011-08-02 21:32:52,1.0,Magnetosheath,0.09334814293464744,0.09334814293464744
510,2011-08-02 21:32:52,2011-08-02 21:33:47,55.0,Magnetosheath,0.4086626796254035,0.490865178561086
511,2011-08-02 21:33:47,2011-08-02 21:33:48,1.0,Magnetosheath,0.054040404040404,0.054040404040404
512,2013-05-08 08:53:06,2013-05-08 08:53:08,2.0,Magnetosheath,0.10349710909961818,0.09885931558935357
513,2013-05-08 08:53:08,2013-05-08 08:53:29,21.0,Magnetosphere,0.32285707237956596,0.33939669923276483
514,2013-05-08 08:53:29,2013-05-08 08:53:33,4.0,Magnetosheath,0.10169927938374601,0.05447470817120581
515,2013-05-08 08:53:33,2013-05-08 08:53:55,22.0,Magnetosphere,0.3459991183669784,0.36601307189542476
516,2013-05-08 08:53:55,2013-05-08 08:53:56,1.0,Magnetosphere,0.08982210557013715,0.08982210557013715
517,2013-05-08 08:53:56,2013-05-08 08:53:58,2.0,Magnetosphere,0.13901529837173976,0.14814814814814792
518,2013-05-08 08:53:58,2013-05-08 08:53:59,1.0,Magnetosphere,0.01189108910891079,0.01189108910891079
519,2013-05-08 08:53:59,2013-05-08 08:54:12,13.0,Magnetosphere,0.2005432445541373,0.23466354214059115
520,2013-05-08 08:54:12,2013-05-08 08:54:39,27.0,Magnetosheath,0.40445627609366175,0.4346120260399038
521,2013-05-08 08:54:39,2013-05-08 08:54:40,1.0,Magnetosheath,0.12606831619357184,0.12606831619357184
522,2013-05-08 08:54:40,2013-05-08 08:54:41,1.0,Magnetosphere,0.01973209524108277,0.01973209524108277
523,2013-05-08 08:54:41,2013-05-08 08:54:42,1.0,Magnetosheath,0.060587837329925565,0.060587837329925565
524,2013-05-08 08:54:42,2013-05-08 08:54:44,2.0,Magnetosheath,0.17034118024570277,0.15837937384898693
525,2013-05-08 08:54:44,2013-05-08 08:54:46,2.0,Magnetosphere,0.1978614261876258,0.23943661971830965
526,2013-05-08 08:54:46,2013-05-08 08:55:04,18.0,Magnetosheath,0.38663734025957264,0.4276729559748428
527,2013-05-08 08:55:04,2013-05-08 08:55:13,9.0,Magnetosphere,0.10674225817518346,0.09868751604006509
528,2013-05-08 08:55:13,2013-05-08 08:55:28,15.0,Magnetosheath,0.36458381471629353,0.4202053982554874
529,2013-05-08 08:55:28,2013-05-08 08:55:29,1.0,Magnetosheath,0.3018414822908131,0.3018414822908131
530,2013-05-08 08:55:29,2013-05-08 09:07:29,720.0,Magnetosheath,0.7349065711677234,0.850412249705536
531,2013-05-08 09:07:29,2013-05-08 09:07:35,6.0,Solar Wind,0.3333791324077058,0.40669856459330145
532,2013-05-08 09:07:35,2013-05-08 09:07:36,1.0,Solar Wind,0.042942937181012386,0.042942937181012386
533,2013-05-08 09:07:36,2013-05-08 09:07:40,4.0,Solar Wind,0.1384652721269417,0.06963249516441017
534,2013-05-08 09:07:40,2013-05-08 09:07:41,1.0,Solar Wind,0.04660537482319671,0.04660537482319671
535,2013-05-08 09:07:41,2013-05-08 09:08:10,29.0,Solar Wind,0.14370175642541583,0.145631970260223
536,2013-05-08 09:08:10,2013-05-08 09:08:12,2.0,Magnetosheath,0.06906603098887043,0.050682261208576995
537,2013-05-08 09:08:12,2013-05-08 09:08:14,2.0,Solar Wind,0.09823568129970406,0.09885931558935357
538,2013-05-08 09:08:14,2013-05-08 09:08:19,5.0,Magnetosheath,0.06470015764641601,0.061986316835260125
539,2013-05-08 09:08:19,2013-05-08 09:17:30,551.0,Solar Wind,0.5097206601926152,0.5137543780513691
540,2014-06-20 01:51:48,2014-06-20 01:52:10,22.0,Magnetosheath,0.18915840473278722,0.1836363636363637
541,2014-06-20 01:52:10,2014-06-20 01:52:14,4.0,Solar Wind,0.14702229640811026,0.14312267657992572
542,2014-06-20 01:52:14,2014-06-20 01:55:24,190.0,Magnetosheath,0.598960982711322,0.611961057023644
543,2014-06-20 01:55:24,2014-06-20 01:55:27,3.0,Solar Wind,0.24515858738339136,0.25287832959313117
544,2014-06-20 01:55:27,2014-06-20 01:55:29,2.0,Magnetosheath,0.09401547162575563,0.08061420345489478
545,2014-06-20 01:55:29,2014-06-20 01:55:30,1.0,Magnetosheath,0.05627545353572738,0.05627545353572738
546,2014-06-20 01:55:30,2014-06-20 01:55:31,1.0,Solar Wind,0.060090165353323455,0.060090165353323455
547,2014-06-20 01:55:31,2014-06-20 01:55:32,1.0,Magnetosheath,0.05822314220970459,0.05822314220970459
548,2014-06-20 01:55:32,2014-06-20 01:55:33,1.0,Solar Wind,0.08875322372662797,0.08875322372662797
549,2014-06-20 01:55:33,2014-06-20 01:55:34,1.0,Magnetosheath,0.08881694855532052,0.08881694855532052
550,2014-06-20 01:55:34,2014-06-20 01:55:45,11.0,Magnetosheath,0.1460753667068403,0.14418184461381878
551,2014-06-20 01:55:45,2014-06-20 01:57:07,82.0,Solar Wind,0.7231690728784707,0.8123515439429929
552,2014-06-20 01:57:07,2014-06-20 01:57:08,1.0,Solar Wind,0.1549695428873683,0.1549695428873683
553,2014-06-20 01:57:08,2014-06-20 01:57:11,3.0,Solar Wind,0.09255490156782997,0.08325012435290424
554,2014-06-20 01:57:11,2014-06-20 01:57:24,13.0,Magnetosheath,0.2808189346784715,0.3329971932301383
555,2014-06-20 01:57:24,2014-06-20 01:57:32,8.0,Solar Wind,0.4870135510085679,0.5409356725146199
556,2014-06-20 01:57:32,2014-06-20 01:57:33,1.0,Solar Wind,0.21492252711866566,0.21492252711866566
557,2014-06-20 01:57:33,2014-06-20 01:57:35,2.0,Solar Wind,0.21432363194165172,0.27508650519031164
558,2014-06-20 01:57:35,2014-06-20 01:57:45,10.0,Magnetosheath,0.15269832221054214,0.12429378531073443
559,2014-06-20 01:57:45,2014-06-20 01:57:49,4.0,Solar Wind,0.1334898821021412,0.11864406779661041
560,2014-06-20 01:57:49,2014-06-20 01:57:50,1.0,Solar Wind,0.10338333658029764,0.10338333658029764
561,2014-06-20 01:57:50,2014-06-20 01:58:01,11.0,Solar Wind,0.3314434202083193,0.3357813341326805
562,2014-06-20 01:58:01,2014-06-20 01:58:02,1.0,Solar Wind,0.13616810404785096,0.13616810404785096
563,2014-06-20 01:58:02,2014-06-20 01:58:06,4.0,Solar Wind,0.1587938366882018,0.18181818181818188
564,2014-06-20 01:58:06,2014-06-20 01:58:09,3.0,Magnetosheath,0.1852783342826445,0.18527263007840356
565,2014-06-20 01:58:09,2014-06-20 01:58:17,8.0,Solar Wind,0.302990593809776,0.306779661016949
566,2014-06-20 01:58:17,2014-06-20 01:58:27,10.0,Magnetosheath,0.26265605611729936,0.29692832764505106
567,2014-06-20 01:58:27,2014-06-20 01:58:29,2.0,Solar Wind,0.07344311071484488,0.052734375
568,2014-06-20 01:58:29,2014-06-20 01:58:41,12.0,Magnetosheath,0.28507804974498363,0.3192567567567567
569,2014-06-20 01:58:41,2014-06-20 01:58:44,3.0,Solar Wind,0.06014774090215125,0.05830909296966469
570,2014-06-20 01:58:44,2014-06-20 01:58:45,1.0,Solar Wind,0.0535969418774318,0.0535969418774318
571,2014-06-20 01:58:45,2014-06-20 01:58:46,1.0,Magnetosheath,0.07839133522727293,0.07839133522727293
572,2014-06-20 01:58:46,2014-06-20 01:59:17,31.0,Magnetosheath,0.2118876267830101,0.21287442396313372
573,2014-06-20 01:59:17,2014-06-20 01:59:18,1.0,Magnetosheath,0.13423934978358598,0.13423934978358598
574,2014-06-20 01:59:18,2014-06-20 01:59:44,26.0,Magnetosheath,0.37241513566077644,0.33499999999999996
575,2014-06-20 01:59:44,2014-06-20 01:59:45,1.0,Magnetosheath,0.21511904761904777,0.21511904761904777
576,2014-06-20 01:59:45,2014-06-20 01:59:46,1.0,Solar Wind,0.10064935064935088,0.10064935064935088
577,2014-06-20 01:59:46,2014-06-20 02:00:07,21.0,Solar Wind,0.30891572083890706,0.30225677900025993
578,2014-06-20 02:00:07,2014-06-20 02:00:17,10.0,Magnetosheath,0.24401806325047248,0.26782608695652166
579,2014-06-20 02:00:17,2014-06-20 02:00:34,17.0,Solar Wind,0.28641536654345967,0.2692987064748722
580,2014-06-20 02:00:34,2014-06-20 02:00:35,1.0,Solar Wind,0.11729239625129373,0.11729239625129373
581,2014-06-20 02:00:35,2014-06-20 02:00:46,11.0,Solar Wind,0.3891250785520357,0.4006394863563403
582,2014-06-20 02:00:46,2014-06-20 02:00:48,2.0,Magnetosheath,0.15679285813435584,0.12406015037593987
583,2014-06-20 02:00:48,2014-06-20 02:00:51,3.0,Solar Wind,0.14651041440621704,0.1562756863389776
584,2014-06-20 02:00:51,2014-06-20 02:01:07,16.0,Magnetosheath,0.21441208483077245,0.2007233273056056
585,2014-06-20 02:01:07,2014-06-20 02:01:17,10.0,Solar Wind,0.24266533154352754,0.2656250000000001
586,2014-06-20 02:01:17,2014-06-20 02:01:28,11.0,Magnetosheath,0.3554380957405653,0.38098801604899146
587,2014-06-20 02:01:28,2014-06-20 02:01:30,2.0,Solar Wind,0.2427311494722133,0.23943661971830987
588,2014-06-20 02:01:30,2014-06-20 02:01:32,2.0,Magnetosheath,0.13918341944287904,0.16022099447513827
589,2014-06-20 02:01:32,2014-06-20 02:01:40,8.0,Solar Wind,0.3906453918008418,0.4003215434083601
590,2014-06-20 02:01:40,2014-06-20 02:01:41,1.0,Solar Wind,0.06462806618516481,0.06462806618516481
591,2014-06-20 02:01:41,2014-06-20 02:01:42,1.0,Magnetosheath,0.08397174410506425,0.08397174410506425
592,2012-05-15 21:29:09,2012-05-15 21:29:49,40.0,Magnetosphere,0.4590417728984245,0.4149108589951377
593,2012-05-15 21:29:49,2012-05-15 21:31:23,94.0,Magnetosheath,0.8823666425931319,0.9643231899265478
594,2012-05-15 21:31:23,2012-05-15 21:32:06,43.0,Magnetosphere,0.5696997310554823,0.5670917968953346
595,2012-05-15 21:32:06,2012-05-15 21:32:07,1.0,Magnetosphere,0.0607171635777598,0.0607171635777598
596,2012-05-15 21:32:07,2012-05-15 21:33:48,101.0,Magnetosphere,0.722756017992024,0.8478361685673055
597,2012-05-15 21:33:48,2012-05-15 21:36:15,147.0,Magnetosheath,0.8832013292335857,0.9229919264362919
598,2012-05-15 21:36:15,2012-05-15 21:37:15,60.0,Magnetosphere,0.6873304066292821,0.8033573141486811
599,2012-05-15 21:37:15,2012-05-15 21:37:38,23.0,Magnetosheath,0.729254419716284,0.8632795559025067
600,2012-05-15 21:37:38,2012-05-15 21:47:47,609.0,Magnetosphere,0.8587935277983232,0.8984546224271626
601,2014-11-19 18:52:25,2014-11-19 18:52:29,4.0,Solar Wind,0.20789497878010055,0.22661870503597126
602,2014-11-19 18:52:29,2014-11-19 18:57:33,304.0,Magnetosheath,0.39518022170000766,0.3964686998394864
603,2014-11-19 18:57:33,2014-11-19 18:57:38,5.0,Solar Wind,0.10167732890357006,0.09811042284650717
604,2014-11-19 18:57:38,2014-11-19 18:59:00,82.0,Magnetosheath,0.5200038556627077,0.5673352435530086
605,2014-11-19 18:59:00,2014-11-19 18:59:03,3.0,Solar Wind,0.051010658631998496,0.05026162734151618
606,2014-11-19 18:59:03,2014-11-19 19:01:09,126.0,Magnetosheath,0.3780873518071268,0.4233807266982623
607,2014-11-19 19:01:09,2014-11-19 19:01:10,1.0,Magnetosheath,0.07203238774271847,0.07203238774271847
608,2014-11-19 19:01:10,2014-11-19 19:01:12,2.0,Magnetosheath,0.042001645850591074,0.03366336633663369
609,2014-11-19 19:01:12,2014-11-19 19:01:13,1.0,Magnetosheath,0.06750089922950253,0.06750089922950253
610,2012-02-27 08:34:29,2012-02-27 08:34:31,2.0,Magnetosphere,0.043090439276485815,0.02200000000000024
611,2012-02-27 08:34:31,2012-02-27 08:35:13,42.0,Magnetosheath,0.38392125256299336,0.34974533106960937
612,2012-02-27 08:35:13,2012-02-27 08:35:14,1.0,Magnetosheath,0.07189917996462591,0.07189917996462591
613,2012-02-27 08:35:14,2012-02-27 08:40:37,323.0,Magnetosheath,0.6516571990250164,0.6925415010521394
614,2012-02-27 08:40:37,2012-02-27 08:40:38,1.0,Magnetosheath,0.03337840883479826,0.03337840883479826
615,2012-02-27 08:40:38,2012-02-27 08:42:47,129.0,Magnetosheath,0.4613720682304584,0.49405696259848453
616,2012-02-27 08:42:47,2012-02-27 08:42:54,7.0,Magnetosphere,0.16755039650966308,0.10783550842244893
617,2012-02-27 08:42:54,2012-02-27 08:44:41,107.0,Magnetosheath,0.5282802617338066,0.5490714930176813
618,2012-02-27 08:44:41,2012-02-27 08:44:49,8.0,Magnetosphere,0.08891964385335216,0.10465116279069786
619,2012-02-27 08:44:49,2012-02-27 08:44:50,1.0,Magnetosphere,0.08400874971218064,0.08400874971218064
620,2012-02-27 08:44:50,2012-02-27 08:45:52,62.0,Magnetosphere,0.6504378458845614,0.7397959183673469
621,2012-02-27 08:45:52,2012-02-27 08:45:56,4.0,Magnetosheath,0.3086440264992687,0.3206896551724139
622,2012-02-27 08:45:56,2012-02-27 08:45:57,1.0,Magnetosheath,0.16544686840253342,0.16544686840253342
623,2012-02-27 08:45:57,2012-02-27 08:46:07,10.0,Magnetosheath,0.20854792186747806,0.22061482820976486
624,2012-02-27 08:46:07,2012-02-27 08:46:56,49.0,Magnetosphere,0.4573734389128117,0.5060698027314112
625,2012-02-27 08:46:56,2012-02-27 08:47:11,15.0,Magnetosheath,0.37052170393767747,0.3818640955004591
626,2012-02-27 08:47:11,2012-02-27 08:47:55,44.0,Magnetosphere,0.48107819193991297,0.45595054095826903
627,2012-02-27 08:47:55,2012-02-27 08:47:57,2.0,Magnetosheath,0.09389320862444606,0.10153256704980851
628,2012-02-27 08:47:57,2012-02-27 08:48:01,4.0,Magnetosphere,0.17915955632094693,0.1794871794871794
629,2012-02-27 08:48:01,2012-02-27 08:48:03,2.0,Magnetosheath,0.10043659916984904,0.029821073558647715
630,2012-02-27 08:48:03,2012-02-27 08:48:40,37.0,Magnetosphere,0.6340064355051402,0.7038674719157316
631,2012-02-27 08:48:40,2012-02-27 08:48:52,12.0,Magnetosheath,0.3672570357923154,0.37228714524207007
632,2012-02-27 08:48:52,2012-02-27 08:48:55,3.0,Magnetosphere,0.04565812804521108,0.04750925403099315
633,2012-02-27 08:48:55,2012-02-27 08:49:00,5.0,Magnetosheath,0.19003818968114194,0.17820156605203352
634,2012-02-27 08:49:00,2012-02-27 08:49:01,1.0,Magnetosheath,0.06081518551526088,0.06081518551526088
635,2012-02-27 08:49:01,2012-02-27 08:49:02,1.0,Magnetosphere,0.01993649326485969,0.01993649326485969
636,2012-02-27 08:49:02,2012-02-27 08:49:40,38.0,Magnetosphere,0.34309361611332945,0.38220757825370677
637,2012-02-27 08:49:40,2012-02-27 08:49:41,1.0,Magnetosphere,0.10027957132396992,0.10027957132396992
638,2012-02-27 08:49:41,2012-02-27 08:50:53,72.0,Magnetosphere,0.6245862702249672,0.6589673913043479
639,2012-02-27 08:50:53,2012-02-27 08:50:58,5.0,Magnetosheath,0.23341322037089773,0.26685733450094085
640,2012-02-27 08:50:58,2012-02-27 08:50:59,1.0,Magnetosheath,0.15464802806199462,0.15464802806199462
641,2012-02-27 08:50:59,2012-02-27 08:51:08,9.0,Magnetosheath,0.2450265325617209,0.25936689549961867
642,2012-02-27 08:51:08,2012-02-27 08:51:09,1.0,Magnetosheath,0.06132901468417029,0.06132901468417029
643,2012-02-27 08:51:09,2012-02-27 08:51:12,3.0,Magnetosheath,0.09621910797040889,0.08132225271017957
644,2012-02-27 08:51:12,2012-02-27 08:51:14,2.0,Magnetosphere,0.12792127921279217,0.18081180811808117
645,2012-02-27 08:51:14,2012-02-27 08:51:17,3.0,Magnetosheath,0.13737182164078843,0.14123744617167855
646,2012-02-27 08:51:17,2012-02-27 08:51:19,2.0,Magnetosphere,0.0620722467913607,0.07199999999999984
647,2012-02-27 08:51:19,2012-02-27 08:51:21,2.0,Magnetosheath,0.0464041320231795,0.03469387755102027
648,2012-02-27 08:51:21,2012-02-27 08:52:10,49.0,Magnetosphere,0.4591543813927076,0.4789930555555555
649,2012-02-27 08:52:10,2012-02-27 08:52:13,3.0,Magnetosheath,0.15072857389566297,0.12472749922142612
650,2012-02-27 08:52:13,2012-02-27 08:52:53,40.0,Magnetosphere,0.45424521180838795,0.4159869494290376
651,2012-02-27 08:52:53,2012-02-27 08:52:56,3.0,Magnetosheath,0.151414717062062,0.14352295783651559
652,2012-02-27 08:52:56,2012-02-27 08:53:03,7.0,Magnetosphere,0.2201591280153854,0.23392461197339243
653,2012-02-27 08:53:03,2012-02-27 08:53:04,1.0,Magnetosphere,0.050987354893044956,0.050987354893044956
654,2012-02-27 08:53:04,2012-02-27 08:53:49,45.0,Magnetosphere,0.4019399569641716,0.461803870419801
655,2012-02-27 08:53:49,2012-02-27 08:53:51,2.0,Magnetosheath,0.05259073279404014,0.05378486055776899
656,2012-02-27 08:53:51,2012-02-27 08:54:03,12.0,Magnetosphere,0.29245229689401975,0.28645833333333326
657,2012-02-27 08:54:03,2012-02-27 08:54:05,2.0,Magnetosheath,0.11662290027339761,0.0885826771653544
658,2012-02-27 08:54:05,2012-02-27 08:54:10,5.0,Magnetosphere,0.2089307307114613,0.15348600508905852
659,2012-02-27 08:54:10,2012-02-27 08:54:11,1.0,Magnetosphere,0.043538213928400515,0.043538213928400515
660,2012-02-27 08:54:11,2012-02-27 08:54:48,37.0,Magnetosphere,0.4520183612616421,0.4066410743598692
